,product_link,product_title,price_usd,condition,time_sold
0,https://www.ebay.com/itm/SUPER-MARIO-WORLD-2-YOSHIS-ISLAND-SUPER-NINTENDO-SNES-Tested-Working/113886012244?epid=4967&hash=item1a8422a354:g:xO0AAOSwdytdep8q,SUPER MARIO WORLD 2 YOSHI'S ISLAND SUPER NINTENDO SNES Tested & Working,23.95,Acceptable,"Sep 12, 2019 19:53:48 PDT "
1,https://www.ebay.com/itm/Super-Mario-World-2-Yoshis-Island-Super-Nintendo-SNES/163816115509?epid=4967&hash=item2624338d35:g:UfcAAOSw~QNdUgZp,Super Mario World 2 Yoshi's Island Super Nintendo SNES,31.00,Very Good,"Sep 12, 2019 17:27:57 PDT "
2,https://www.ebay.com/itm/Super-Mario-World-2-Yoshis-Island-Super-Nintendo-SNES-Tested-Working/173936650106?hash=item287f6ea77a:g:IxgAAOSwm79dB~y8,Super Mario World 2 Yoshi's Island Super Nintendo SNES Tested & Working ,29.95,Acceptable,"Sep 12, 2019 11:15:27 PDT "
3,https://www.ebay.com/itm/Super-Nintendo-snes-game-super-mario-world-2-Yoshis-Island-authentic-tested/323910767419?hash=item4b6a96133b:g:6~MAAOSwTW1dd1Lh,Super Nintendo snes game super mario world 2 Yoshi's Island authentic tested,19.50,Good,"Sep 12, 2019 03:31:27 PDT "
4,https://www.ebay.com/itm/Super-Mario-World-2-Yoshis-Island-Super-Nintendo-SNES-CART-ONLY-AUTHENTIC/153639930715?epid=4967&hash=item23c5a74b5b:g:oqMAAOSwNqNdeXOc,None,19.50,Good,"Sep 12, 2019 03:31:27 PDT "
5,https://www.ebay.com/itm/SUPER-MARIO-WORLD-2-YOSHIS-ISLAND-SUPER-NINTENDO-SNES-Tested-Working/113884843921?epid=4967&hash=item1a8410cf91:g:t0cAAOSwJ6JdeTrJ,None,19.50,Good,"Sep 12, 2019 03:31:27 PDT "
6,https://www.ebay.com/itm/Super-Mario-World-2-Yoshis-Island-SNES-Super-Nintendo-Complete-100-CIB/264420270653?hash=item3d90ad223d:g:uvwAAOSwdgtdR1vj,Super Mario World 2: Yoshi's Island SNES Super Nintendo**Complete** **100% CIB**,84.00,Very Good,"Sep 11, 2019 08:25:50 PDT "
7,https://www.ebay.com/itm/Super-Mario-World-2-Yoshis-Island-Super-Nintendo-SNES/123897666677?hash=item1cd8e05c75:g:-rkAAOSwL4tdcYKR,Super Mario World 2 Yoshi's Island Super Nintendo SNES,16.00,Good,"Sep 10, 2019 16:27:10 PDT "
8,https://www.ebay.com/itm/SUPER-MARIO-WORLD-2-YOSHIS-ISLAND-SUPER-NINTENDO-SNES-Excellent/264450777467?epid=4967&hash=item3d927ea17b:g:otgAAOSwzpddbMav,None,16.00,Good,"Sep 10, 2019 16:27:10 PDT "
9,https://www.ebay.com/itm/Super-Nintendo-SNES-game-Super-Mario-World-2-Yoshis-Island-with-manual/303280012232?hash=item469ce5bbc8:g:RKAAAOSwweFddzxN,Super Nintendo SNES game Super Mario World 2 Yoshi's Island with manual,22.50,Good,"Sep 10, 2019 03:02:53 PDT "
10,https://www.ebay.com/itm/SUPER-MARIO-WORLD-2-YOSHIS-ISLAND-SUPER-NINTENDO-SNES-BOARD-PIC/113882738483?epid=4967&hash=item1a83f0af33:g:-B4AAOSwLJRddp99,None,22.50,Good,"Sep 10, 2019 03:02:53 PDT "
11,https://www.ebay.com/itm/Super-Mario-World-2-Yoshis-Island-Super-Nintendo-SNES-1995-AUTHENTIC/333323030122?epid=4967&hash=item4d9b99ce6a:g:VGIAAOSwGQpddKwc,None,22.50,Good,"Sep 10, 2019 03:02:53 PDT "
12,https://www.ebay.com/itm/SNES-Super-Nintendo-SUPER-MARIO-WORLD-2-YOSHIS-ISLAND-Video-Game-Cartridge/323901867353?hash=item4b6a0e4559:g:TlIAAOSwlf5dVwpw,SNES Super Nintendo SUPER MARIO WORLD 2 YOSHI'S ISLAND Video Game Cartridge,19.00,Good,"Sep 08, 2019 19:02:14 PDT "
13,https://www.ebay.com/itm/Super-Mario-World-2-Yoshis-Island-Super-Nintendo-Game-Authentic-SNES-Cartridge/153628604020?epid=4967&hash=item23c4fa7674:g:F~IAAOSwKMddbeQO,None,19.00,Good,"Sep 08, 2019 19:02:14 PDT "
14,https://www.ebay.com/itm/Super-Mario-World-2-Yoshis-Island-Super-Nintendo-SNES-1995-Cleaned-Tested/274000164345?epid=4967&hash=item3fcbaeb5f9:g:4YkAAOSwjpVddWSo,None,19.00,Good,"Sep 08, 2019 19:02:14 PDT "
15,https://www.ebay.com/itm/Yoshis-Island-Super-Mario-World-2-with-Box-and-Manual-Super-Nintendo-SNES/123901411173?epid=4967&hash=item1cd9197f65:g:E~YAAOSwJuhddX5X,None,19.00,Good,"Sep 08, 2019 19:02:14 PDT "
16,https://www.ebay.com/itm/Super-Mario-World-2-Yoshis-Island-Super-Nintendo-SNES-Free-Shipping/273989649552?epid=4967&hash=item3fcb0e4490:g:EB4AAOSwx8pda9~g,None,19.00,Good,"Sep 08, 2019 19:02:14 PDT "
17,https://www.ebay.com/itm/Super-Mario-World-2-Yoshis-Island-Super-Nintendo-SNES-1995-authentic-works/283607540324?epid=4967&hash=item420853a264:g:9KUAAOSwe0FddFSc,None,19.00,Good,"Sep 08, 2019 19:02:14 PDT "
18,https://www.ebay.com/itm/Super-Mario-World-2-Yoshis-Island-Super-Nintendo-Entertainment-System-1995/123895495284?epid=4967&hash=item1cd8bf3a74:g:NFAAAOSw1oJdbpZY,None,19.00,Good,"Sep 08, 2019 19:02:14 PDT "
19,https://www.ebay.com/itm/Super-Mario-World-2-Yoshi-s-Island-Super-Nintendo-SNES-Fast-Shipping/183920157404?hash=item2ad27ee2dc:g:AukAAOSwog9dVHv6,Super Mario World 2 Yoshi’s Island Super Nintendo SNES Fast Shipping!  ,22.99,Good,"Sep 07, 2019 18:19:28 PDT "
20,https://www.ebay.com/itm/Super-Mario-World-2-Yoshis-Island-SNES-Super-Nintendo-with-custom-case/264455280560?epid=4967&hash=item3d92c357b0:g:BqgAAOSwwnZdcdZV,None,22.99,Good,"Sep 07, 2019 18:19:28 PDT "
21,https://www.ebay.com/itm/Super-Nintendo-SNES-Game-CASE-Super-Mario-World-2-Yoshis-Island-PAL/283329335286?hash=item41f7be8ff6:g:dg0AAOSwgb1cMb-9,Super Nintendo SNES - Game CASE - Super Mario World 2 Yoshis Island (PAL),AU $14.50,New,"Sep 07, 2019 18:19:28 PDT "
22,https://www.ebay.com/itm/Super-Mario-World-2-Yoshis-Island-for-Super-Nintendo-SNES-Game-Authentic/323907736336?epid=4967&hash=item4b6a67d310:g:kdsAAOSwXzRdc8Bm,None,AU $14.50,New,"Sep 07, 2019 18:19:28 PDT "
23,https://www.ebay.com/itm/Mario-World-2-II-Yoshis-Island-for-Super-Nintendo-Snes-Yoshis-Yoschis/223113573900?hash=item33f29af60c:g:C6YAAOSwAopcOf~E,Mario World 2/ II Yoshis Island for Super Nintendo/ Snes (Yoshi's/Yoschis),33.05,Acceptable,"Sep 07, 2019 18:19:28 PDT "
24,https://www.ebay.com/itm/Super-Mario-World-2-Yoshis-Island-Super-Nintendo-SNES-FREE-SHIPPING/223648751022?epid=4967&hash=item3412811dae:g:Fo4AAOSw3TldbeEl,None,33.05,Acceptable,"Sep 07, 2019 18:19:28 PDT "
25,https://www.ebay.com/itm/Super-Mario-World-2-Yoshis-Island-Super-Nintendo-SNES-Free-Shipping/333312969636?epid=4967&hash=item4d9b004ba4:g:6YoAAOSwWH1dafqb,None,33.05,Acceptable,"Sep 07, 2019 18:19:28 PDT "
26,https://www.ebay.com/itm/Super-Mario-World-2-Yoshi-s-Island-Snes-Super-Nintendo-Game-Only/202771924058?hash=item2f3626045a:g:qsQAAOSwqyFdb-A3,Super Mario World 2 : Yoshi’s Island - Snes ( Super Nintendo ) Game Only !,C $61.99,Very Good,"Sep 06, 2019 15:02:53 PDT "
27,https://www.ebay.com/itm/Super-Mario-World-2-Yoshis-Island-Super-Nintendo-SNES-1995-CLEANED-TESTED/333318803314?epid=4967&hash=item4d9b594f72:g:pRIAAOSwL1VdcLV7,None,C $61.99,Very Good,"Sep 06, 2019 15:02:53 PDT "
28,https://www.ebay.com/itm/Super-Nintendo-SNES-Controller-Sticker-Vinyl-Decal-NO-Video-Game-Console-Custom/182961728861?hash=item2a995e6d5d:m:mBztOFWs-NX0BppeU8UM1Rg,Super Nintendo SNES Controller Sticker Vinyl Decal -NO Video Game Console Custom,6.49/ea,New,"Sep 06, 2019 15:02:53 PDT "
29,https://www.ebay.com/itm/Super-Mario-World-2-Yoshis-Island-SNES-Super-Nintendo-Authentic-Cart-Tested/233330433070?epid=4967&hash=item365393dc2e:g:LIEAAOSwcTddbYN-,None,6.49/ea,New,"Sep 06, 2019 15:02:53 PDT "
30,https://www.ebay.com/itm/Super-Mario-World-2-Yoshis-Island-for-Super-Nintendo-SNES-Game-Authentic/264453955925?epid=4967&hash=item3d92af2155:g:XaUAAOSw1EBdcHJx,None,6.49/ea,New,"Sep 06, 2019 15:02:53 PDT "
31,https://www.ebay.com/itm/Super-Mario-World-2-Yoshis-Island-SNES-Super-Nintendo-Game-Case-Box-Cover-New/302849944111?hash=item4683436a2f:m:m0ZrZ-VsuwawJL-3W9QE4Rg,Super Mario World 2: Yoshi's Island SNES Super Nintendo Game Case Box Cover New!,4.99,New,"Sep 06, 2019 15:02:53 PDT "
32,https://www.ebay.com/itm/Super-Mario-World-2-Yoshis-Island-Super-Nintendo-SNES-1995-MANUAL/333289037248?epid=4967&hash=item4d99931dc0:g:i4gAAOSwm3ldSIsA,None,4.99,New,"Sep 06, 2019 15:02:53 PDT "
33,https://www.ebay.com/itm/SUPER-MARIO-WORLD-MARIO-WORLD-2-YOSHIS-ISLAND-both-games-SUPER-NINTENDO-SNES/401808230022?epid=4967&hash=item5d8da30686:g:kOUAAOSwwZtdIkuN,None,4.99,New,"Sep 06, 2019 15:02:53 PDT "
34,https://www.ebay.com/itm/Super-Mario-World-2-Yoshis-Island-Super-Nintendo-Game-Only/254348501894?epid=4967&hash=item3b385a2386:m:mRsOUzaXbtyxNKJ96dT1Pgg,None,4.99,New,"Sep 06, 2019 15:02:53 PDT "
35,https://www.ebay.com/itm/Super-Mario-World-2-Yoshis-Island-Super-Nintendo-Entertainment-System-1995/174002991112?epid=4967&hash=item288362f008:g:HhIAAOSwVLVdW1Wu,None,4.99,New,"Sep 06, 2019 15:02:53 PDT "
36,https://www.ebay.com/itm/Super-Mario-World-2-Yoshis-Island-Super-Nintendo-SNES-VIDEO-GAME-CIB-COMPLETE/323904372258?epid=4967&hash=item4b6a347e22:g:G-MAAOSwP2ddb6Ph,None,4.99,New,"Sep 06, 2019 15:02:53 PDT "
37,https://www.ebay.com/itm/SUPER-MARIO-WORLD-2-YOSHIS-ISLAND-SUPER-NINTENDO-SNES-FREE-FAST-SHIPPING-A-1/163845468069?hash=item2625f36fa5:g:7ucAAOSweGRdbjUr,SUPER MARIO WORLD 2 YOSHI'S ISLAND SUPER NINTENDO SNES FREE FAST SHIPPING! A-1,21.99,Good,"Sep 03, 2019 16:24:44 PDT "
38,https://www.ebay.com/itm/Super-Mario-World-2-Yoshis-Island-for-Super-Nintendo-SNES-Game/163838850195?epid=4967&hash=item26258e7493:g:p6MAAOSw3ZhdaBcD,None,21.99,Good,"Sep 03, 2019 16:24:44 PDT "
39,https://www.ebay.com/itm/Super-Mario-World-2-Yoshi-s-Island-Super-Nintendo-Snes-Fast-Shipping-Authentic/273966458645?hash=item3fc9ac6715:g:Cd4AAOSwR7tdVCIC,Super Mario World 2 Yoshi’s Island Super Nintendo Snes Fast Shipping! Authentic!,19.99,Good,"Sep 02, 2019 21:08:36 PDT "
40,https://www.ebay.com/itm/SUPER-MARIO-WORLD-2-YOSHIS-ISLAND-SUPER-NINTENDO-SNES-GOOD/292700133477?epid=4967&hash=item4426499865:g:G20AAOSwgh5bhDZJ,SUPER MARIO WORLD 2 YOSHI'S ISLAND SUPER NINTENDO SNES  GOOD,41.22,Acceptable,"Sep 02, 2019 21:08:36 PDT "
41,https://www.ebay.com/itm/SUPER-NINTENDO-SNES-SUPER-MARIO-WORLD-2-YOSHIS-ISLAND-CARTRIDGE-ONLY/352767811907?hash=item522299a143:g:6iUAAOSwSHBdYzYB,SUPER NINTENDO SNES SUPER MARIO WORLD 2 YOSHI'S ISLAND CARTRIDGE ONLY,20.49,Very Good,"Sep 01, 2019 18:29:35 PDT "
42,https://www.ebay.com/itm/Super-Mario-World-2-Yoshis-Island-and-Tetris-Dr-Mario-SNES-Super-Nintendo/163831596428?epid=4967&hash=item26251fc58c:g:bTEAAOSwzC5dV0mu,None,20.49,Very Good,"Sep 01, 2019 18:29:35 PDT "
43,https://www.ebay.com/itm/Super-Mario-World-2-Yoshis-Island-Super-Nintendo-Entertainment-System-1995/273980471504?epid=4967&hash=item3fca8238d0:g:NoYAAOSwT4pdY32y,None,20.49,Very Good,"Sep 01, 2019 18:29:35 PDT "
44,https://www.ebay.com/itm/Super-Mario-World-2-Yoshis-Island-Super-Nintendo-Entertainment-System-SNS-006/283582879753?hash=item4206db5809:g:0wIAAOSwtmVdVxkX,None,20.49,Very Good,"Sep 01, 2019 18:29:35 PDT "
45,https://www.ebay.com/itm/Super-Mario-World-2-Yoshis-Island-Super-Nintendo-1995-Used-Clean-Tested/163830118876?epid=4967&hash=item26250939dc:g:YgUAAOSwYV5dX0qO,None,20.49,Very Good,"Sep 01, 2019 18:29:35 PDT "
46,https://www.ebay.com/itm/Super-Mario-World-2-Yoshis-Island-for-Super-Nintendo-SNES-Game-Only-Authentic/183911784199?epid=4967&hash=item2ad1ff1f07:g:SB0AAOSwWkxdScTe,None,20.49,Very Good,"Sep 01, 2019 18:29:35 PDT "
47,https://www.ebay.com/itm/Super-Mario-World-2-Yoshis-Island-Super-Nintendo-1995-Cartridge-Sleeve/223612956708?epid=4967&hash=item34105ef024:g:VwgAAOSwy9hdSG6D,None,20.49,Very Good,"Sep 01, 2019 18:29:35 PDT "
48,https://www.ebay.com/itm/Super-Mario-World-2-Yoshis-Island-Super-Nintendo-SNES/303261277963?epid=4967&hash=item469bc7df0b:g:cN0AAOSwFW9dXqST,None,20.49,Very Good,"Sep 01, 2019 18:29:35 PDT "
49,https://www.ebay.com/itm/Super-Mario-World-2-Yoshis-Island-Strategy-Guide-Super-Nintendo-Power-SNES/133148388902?hash=item1f00432e26:g:dRAAAOSwl5NdXeSz,Super Mario World 2: Yoshi's Island Strategy Guide Super Nintendo Power SNES,21.50,Very Good,"Aug 28, 2019 17:43:17 PDT "
50,https://www.ebay.com/itm/Super-Nintendo-SNES-Reproduction-Lot-Earthbound-MegaMan-7/223651379198?hash=item3412a937fe:g:QQIAAOSwMKNdcJ9R,Super Nintendo SNES Reproduction Lot - Earthbound MegaMan 7,22.01,Very Good,"Sep 11, 2019 22:42:41 PDT "
51,https://www.ebay.com/itm/Earthbound-Super-Nintendo-SNES/163792957911?hash=item2622d231d7:g:f84AAOSw4llc-nIr,Earthbound Super Nintendo SNES,29.00,Brand New,"Sep 11, 2019 22:42:41 PDT "
52,https://www.ebay.com/itm/Earthbound-Super-Nintendo-SNES-RPG-Authentic-game-Tested/283576945837?hash=item420680ccad:g:O4wAAOSw3bNdNkKR,"Earthbound (Super Nintendo, SNES RPG)  Authentic game -- Tested",219.95,Good,"Sep 10, 2019 17:54:41 PDT "
53,https://www.ebay.com/itm/US-Seller-EarthBound-Aftermarket-Super-Nintendo-Cartridge-SNES/153588852383?hash=item23c29be69f:g:0MgAAOSw5N1dHgR8,*US Seller* EarthBound Aftermarket Super Nintendo Cartridge SNES,29.99,Brand New,"Sep 10, 2019 17:54:41 PDT "
54,https://www.ebay.com/itm/EarthBound-Game-Cartridge-Super-Nintendo-Game-Cart-SNES-NTSC-USA-FREE-SHIPPING/392366908679?hash=item5b5ae3e507:g:OYIAAOSw~2ldRWO9,EarthBound Game Cartridge Super Nintendo Game Cart SNES NTSC USA FREE SHIPPING,14.99,Brand New,"Sep 10, 2019 17:54:41 PDT "
55,https://www.ebay.com/itm/Earthbound-Super-Nintendo-Entertainment-System-1995-Authentic-Cart-Only/113881497797?hash=item1a83ddc0c5:g:5eoAAOSwC2JddTjP,"Earthbound (Super Nintendo Entertainment System, 1995) Authentic! Cart Only",124.99,Good,"Sep 10, 2019 09:07:22 PDT "
56,https://www.ebay.com/itm/Earthbound-Super-Nintendo-SNES-GREAT-Condition-100-AUTHENTIC-Tested/333313714800?hash=item4d9b0baa70:g:B88AAOSwbe9datW8, Earthbound Super Nintendo SNES - GREAT Condition -100% AUTHENTIC - Tested!,169.00,Very Good,"Sep 09, 2019 22:24:08 PDT "
57,https://www.ebay.com/itm/EarthBound-Super-Nintendo-SNES-Authentic-Cart-Tested/264432937172?hash=item3d916e68d4:g:JGAAAOSwUUldTKhZ,"EarthBound (Super Nintendo, SNES) Authentic Cart -- Tested --",189.95,Good,"Sep 09, 2019 17:29:51 PDT "
58,https://www.ebay.com/itm/Earthbound-Super-Nintendo-1995-Authentic-Nice-Condition-RARE-Works/293211489628?hash=item4444c4455c:g:CJgAAOSwjnJdZxXW,Earthbound - Super Nintendo - 1995 - Authentic - Nice Condition - RARE - Works,152.00,Good,"Sep 09, 2019 14:45:49 PDT "
59,https://www.ebay.com/itm/Earthbound-Super-Nintendo-SNES-RPG-Authentic-game-working-saves/401875508595?hash=item5d91a59d73:g:PR0AAOSwt6ddcw5f,"Earthbound (Super Nintendo, SNES RPG)  Authentic game -- working saves",214.99,Good,"Sep 08, 2019 17:52:51 PDT "
60,https://www.ebay.com/itm/Earthbound-SNES-Super-Nintendo-Earth-Bound-1994-Saves-Authentic-Cartridge-RARE/163851928834?hash=item2626560502:g:CCUAAOSwpO1dc-NL,Earthbound (SNES) Super Nintendo Earth Bound 1994 Saves Authentic Cartridge RARE,219.95,Good,"Sep 08, 2019 16:31:39 PDT "
61,https://www.ebay.com/itm/EarthBound-Super-Nintendo-SNES-Authentic/264450172754?hash=item3d92756752:g:Pw8AAOSwKpxdbAnP,None,219.95,Good,"Sep 08, 2019 16:31:39 PDT "
62,https://www.ebay.com/itm/Earthbound-Super-Nintendo-SNES/123892005510?hash=item1cd889fa86:g:e7oAAOSwlPZdaWsO,None,219.95,Good,"Sep 08, 2019 16:31:39 PDT "
63,https://www.ebay.com/itm/Earthbound-Super-Nintendo-SNES-RPG-Authentic-Cartridge-Only-Tested-Ships-Fast/223652368553?hash=item3412b850a9:g:4fwAAOSwTAddcXMd,"Earthbound (Super Nintendo, SNES RPG) Authentic Cartridge Only Tested Ships Fast",124.99,Good,"Sep 06, 2019 09:35:32 PDT "
64,https://www.ebay.com/itm/Earthbound-SNES-Super-Nintendo-NTSC-USA-Version-Video-Game-New/392379418152?hash=item5b5ba2c628:g:WMcAAOSwrVddUS35,Earthbound SNES Super Nintendo NTSC USA Version Video Game New,24.99,Brand New,"Sep 06, 2019 09:35:32 PDT "
65,https://www.ebay.com/itm/EARTHBOUND-SNES-AUTHENTIC-BOARD-PICS-GOOD-SHAPE-EARTHBOUND-SUPER-NINTENDO-NES/202767987738?hash=item2f35e9f41a:g:Q50AAOSwmftdaXIp,EARTHBOUND SNES AUTHENTIC BOARD PICS GOOD SHAPE EARTHBOUND SUPER NINTENDO NES,145.99,Acceptable,"Sep 05, 2019 18:16:40 PDT "
66,https://www.ebay.com/itm/EarthBound-Super-Nintendo-Entertainment-System-1995-Authentic-Cart-only/163838950748?hash=item26258ffd5c:g:eY4AAOSwvPtdaC38,"EarthBound (Super Nintendo Entertainment System, 1995) Authentic. Cart only!",137.50,Very Good,"Sep 05, 2019 13:02:45 PDT "
67,https://www.ebay.com/itm/Snes-Earthbound-Lufia-Secret-of-Evermore-4-in-1-Multi-cart-Super-Nintendo-Game/254291302565?hash=item3b34f158a5:g:9q0AAOSwA05ckseO,Snes Earthbound Lufia Secret of Evermore 4 in 1 Multi cart Super Nintendo Game,49.97,Brand New,"Sep 05, 2019 13:02:45 PDT "
68,https://www.ebay.com/itm/Earthbound-Super-Nintendo-SNES-RPG-Authentic-Cartridge-Tested/323898363481?hash=item4b69d8ce59:g:DrYAAOSwCbhdZ~QU,"Earthbound (Super Nintendo, SNES RPG)  Authentic Cartridge  -- Tested!!!",133.50,Good,"Sep 05, 2019 08:51:51 PDT "
69,https://www.ebay.com/itm/AUTHENTIC-EarthBound-Super-Nintendo-Entertainment-System-1995/254349482042?hash=item3b3869183a:g:2AsAAOSwMo9dbtj3,"AUTHENTIC EarthBound (Super Nintendo Entertainment System, 1995)",127.49,Very Good,"Sep 04, 2019 18:04:35 PDT "
70,https://www.ebay.com/itm/Earthbound-SNES-Super-Nintendo-NTSC-Version/254277320591?hash=item3b341bff8f:g:cnkAAOSwmcNdFDfZ,Earthbound SNES Super Nintendo NTSC Version,18.99,Brand New,"Sep 04, 2019 18:04:35 PDT "
71,https://www.ebay.com/itm/Super-Nintendo-Snes-68-in-1-Multicart-New-Video-Game-Cartridge-Earthbound-Mario/254202886517?hash=item3b2fac3975:g:UloAAOSwgJtdPIAc,Super Nintendo Snes 68 in 1 Multicart New Video Game Cartridge Earthbound Mario,49.97,Brand New,"Sep 04, 2019 18:04:35 PDT "
72,https://www.ebay.com/itm/Earthbound-Super-Nintendo-Cart-Only-Nice-Condition-still-saves/202755598833?hash=item2f352ce9f1:g:6m8AAOSwfJ5dUeiE,Earthbound ( Super Nintendo ) - Cart Only - Nice Condition ( still saves ),184.95,Very Good,"Sep 03, 2019 16:22:56 PDT "
73,https://www.ebay.com/itm/Earthbound-SNES-Super-Nintendo-Authentic-Tested-Cleaned/183938674693?hash=item2ad3997005:g:Rb4AAOSwQ4pdbaSf,Earthbound SNES Super Nintendo Authentic Tested Cleaned,149.99,Good,"Sep 02, 2019 16:25:34 PDT "
74,https://www.ebay.com/itm/Earthbound-SNES-Super-Nintendo-Authentic-Tested-Cleaned-New-Save-Battery-Nice/254348368856?hash=item3b38581bd8:g:wPcAAOSwZRldbVYK,Earthbound SNES Super Nintendo Authentic Tested Cleaned New Save Battery Nice,179.99,Good,"Sep 02, 2019 12:12:16 PDT "
75,https://www.ebay.com/itm/EarthBound-Super-Nintendo-Entertainment-System-1995-Authentic-Tested-Works/174016186472?hash=item28842c4868:g:~PYAAOSwLztdbD9b,"EarthBound (Super Nintendo Entertainment System, 1995) Authentic - Tested Works",160.00,Very Good,"Sep 02, 2019 09:33:08 PDT "
76,https://www.ebay.com/itm/Earthbound-SNES-Super-Nintendo-PAL-EUR-Version-Video-Game/392375145986?hash=item5b5b619602:g:RWsAAOSw9rtdTUNr,Earthbound SNES Super Nintendo PAL EUR Version Video Game ,24.90,Brand New,"Sep 02, 2019 09:33:08 PDT "
77,https://www.ebay.com/itm/Earthbound-SNES-Super-Nintendo-US-Version-FREE-SHIPPING-USA/392400389130?hash=item5b5ce2c40a:g:n4cAAOSwKgZdZFiV,Earthbound SNES Super Nintendo US Version FREE SHIPPING USA,16.99,Like New,"Sep 02, 2019 09:33:08 PDT "
78,https://www.ebay.com/itm/Earthbound-Uncut-SNES-Super-Nintendo/293174628178?hash=item444291cf52:g:qBsAAOSwGjldQ4ix,Earthbound Uncut SNES Super Nintendo,25.00,Good,"Aug 31, 2019 15:48:30 PDT "
79,https://www.ebay.com/itm/Earthbound-SNES-Authentic-Super-Nintendo/283591517383?hash=item42075f24c7:g:ZtgAAOSwFMRdYY14,None,25.00,Good,"Aug 31, 2019 15:48:30 PDT "
80,https://www.ebay.com/itm/EarthBound-3D-CARTRIDGE-KEYCHAIN-super-nintendo-snes-collectible/113834715432?hash=item1a8113e928:g:msIAAOSwGThbZrVq,EarthBound 3D CARTRIDGE KEYCHAIN super nintendo snes collectible,9.99,Brand New,"Aug 29, 2019 20:40:19 PDT "
81,https://www.ebay.com/itm/Super-Gameboy-for-Super-Nintendo-earthbound-size-big-box-w-guide-NO-CART-Rare/133152585868?epid=56262871&hash=item1f0083388c:g:XuMAAOSwfuddZHgi,None,9.99,Brand New,"Aug 29, 2019 20:40:19 PDT "
82,https://www.ebay.com/itm/Earthbound-Super-Nintendo-SNES-RPG-Authentic-Cartridge-Tested/183926407497?hash=item2ad2de4149:g:WQEAAOSwnehdUyix,"Earthbound (Super Nintendo, SNES RPG)  Authentic Cartridge  -- Tested!!!",175.99,Good,"Aug 28, 2019 22:19:44 PDT "
83,https://www.ebay.com/itm/Earthbound-Uncut-English-Game-for-SNES-Super-Nintendo/254247720522?hash=item3b3258564a:g:7WcAAOSw5cNYbAmT,Earthbound Uncut (English) Game for  SNES Super Nintendo,50.00,Very Good,"Aug 28, 2019 22:19:44 PDT "
84,https://www.ebay.com/itm/Earthbound-SNES-Authentic-Super-Nintendo/372748677898?hash=item56c98d730a:g:zoUAAOSwtHpdYv0E,None,50.00,Very Good,"Aug 28, 2019 22:19:44 PDT "
85,https://www.ebay.com/itm/EarthBound-Super-Nintendo-Entertainment-System-1995-Authentic/223641613781?hash=item34121435d5:g:CwoAAOSweMFdZuj0,"EarthBound (Super Nintendo Entertainment System, 1995) Authentic.",140.00,Very Good,"Aug 28, 2019 13:53:00 PDT "
86,https://www.ebay.com/itm/Authentic-Earthbound-Super-Nintendo-SNES/163836435452?hash=item2625699bfc:g:WGQAAOSwPWNdZWGU,None,140.00,Very Good,"Aug 28, 2019 13:53:00 PDT "
87,https://www.ebay.com/itm/EarthBound-Super-Nintendo-SNES-Aftermarket-Reproduction-Game-Tested-Works/174002834169?hash=item2883608af9:g:RFwAAOSwWL1dWxks,EarthBound (Super Nintendo SNES) Aftermarket Reproduction Game Tested Works,29.95,Very Good,"Aug 27, 2019 15:59:33 PDT "
88,https://www.ebay.com/itm/Earthbound-Super-Nintendo-SNES-RPG-Authentic-game-cart-Tested/283575643780?hash=item42066cee84:g:NgcAAOSwMuZc8cW~,"Earthbound (Super Nintendo, SNES RPG)  Authentic game cart -- Tested",189.95,Good,"Aug 26, 2019 17:46:32 PDT "
89,https://www.ebay.com/itm/Secret-of-Evermore-Earthbound-Super-Nintendo-Reproduction-Snes-Carts-RPG/303180215434?epid=4859&hash=item4696f2f48a:g:noEAAOSwQTNc-WGt,None,189.95,Good,"Aug 26, 2019 17:46:32 PDT "
90,https://www.ebay.com/itm/Authentic-Earthbound-Super-Nintendo-SNES/113865918497?hash=item1a82f00821:g:dWMAAOSw6yVdYwrB,None,189.95,Good,"Aug 26, 2019 17:46:32 PDT "
91,https://www.ebay.com/itm/EarthBound-Super-Nintendo-CIB-NM-Cart-Inserts-Guidebook-VG-Box-wear-SNES/202759588724?hash=item2f3569cb74:g:PqEAAOSw5CddWMdR,EarthBound (Super Nintendo) - CIB NM Cart/Inserts/Guidebook VG Box (wear) SNES,878.00,Very Good,"Aug 25, 2019 14:02:06 PDT "
92,https://www.ebay.com/itm/Massive-Super-Nintendo-Lot-Superscope-Earthbound-Good-Titles-Massive-Lot/264439234267?hash=item3d91ce7edb:g:gqQAAOSw6ZRdXuM-,Massive Super Nintendo Lot Superscope Earthbound Good Titles Massive Lot,520.00,Good,"Aug 25, 2019 11:50:35 PDT "
93,https://www.ebay.com/itm/Earthbound-SNES-Authentic-Super-Nintendo/193067050465?hash=item2cf3b165e1:g:9DwAAOSwM3hdYqJt,None,520.00,Good,"Aug 25, 2019 11:50:35 PDT "
94,https://www.ebay.com/itm/Earthbound-Snes-Super-Nintendo-Ntsc-Usa-Version-Video-Game-16-Bit-With-Saving-B/392373650181?hash=item5b5b4ac305:g:ygoAAOSwEAtdTBHR,Earthbound Snes Super Nintendo Ntsc Usa  Version Video Game 16 Bit With Saving B,14.99,Brand New,"Aug 25, 2019 11:50:35 PDT "
95,https://www.ebay.com/itm/Snes-Earthbound-Super-Nintendo-Snes-Video-Game-Cartridge/113856899045?hash=item1a826667e5:g:i0gAAOSwYZZdOt94,Snes Earthbound Super Nintendo Snes Video Game Cartridge ,34.99,Like New,"Aug 24, 2019 20:49:14 PDT "
96,https://www.ebay.com/itm/EarthBound-Super-Nintendo-Entertainment-System-1995-Authentic-Tested-Works/133144591222?hash=item1f00093b76:g:GRYAAOSwztddV0kD,"EarthBound (Super Nintendo Entertainment System, 1995) Authentic Tested Works",169.95,Good,"Aug 24, 2019 13:42:45 PDT "
97,https://www.ebay.com/itm/EarthBound-Super-Nintendo-SNES-Authentic/323880362452?hash=item4b68c621d4:g:NUEAAOSwSp5dTbfT,None,169.95,Good,"Aug 24, 2019 13:42:45 PDT "
98,https://www.ebay.com/itm/TESTED-EarthBound-Super-Nintendo-SNES-Genuine-Original-Authentic-Saves-Game/174001409014?hash=item28834acbf6:g:3WkAAOSwR7tdWZda,TESTED EarthBound Super Nintendo SNES Genuine Original Authentic Saves Game,169.95,Good,"Aug 23, 2019 14:42:59 PDT "
99,https://www.ebay.com/itm/Earthbound-Super-Nintendo-SNES-RPG-Cart-Only-Authentic-Acceptable-shape/163829963247?hash=item262506d9ef:g:fNgAAOSwlzBdXxuw,"Earthbound (Super Nintendo, SNES RPG) Cart Only - Authentic -- Acceptable shape",135.00,Acceptable,"Aug 23, 2019 13:47:15 PDT "
